Topic ID,CLD Score,,,,,,,
302,0.097,,,,,,,
1926,0.088,,,,,,,
1210,0.084,,,,,,,
76,0.084,,,,,,,
691,0.083,,,,,,,
781,0.082,,,,,,,
1037,0.081,,,,,,,
225,0.08,,,,,,,
387,0.08,,,,,,,
658,0.078,,,,,,,
392,0.075,,,,,,,
1324,0.074,,,,,,,
62,0.073,,,,,,,
479,0.071,,,,,,,
1686,0.071,,,,,,,
1415,0.07,,,,,,,
1377,0.067,,,,,,,
649,0.066,,,,,,,
914,0.064,,,,,,,
283,0.063,,,,,,,
356,0.063,,,,,,,
1630,0.062,,,,,,,
1229,0.061,,,,,,,
1795,0.061,,,,,,,
1439,0.059,,,,,,,
1483,0.059,,,,,,,
667,0.058,,,,,,,
1073,0.056,,,,,,,
308,0.055,,,,,,,
1004,0.055,,,,,,,
167,0.055,,,,,,,
878,0.055,,,,,,,
1303,0.055,,,,,,,
252,0.055,,,,,,,
361,0.055,,,,,,,
260,0.054,,,,,,,
1219,0.053,,,,,,,
38,0.053,,,,,,,
1596,0.053,,,,,,,
1285,0.053,,,,,,,
577,0.053,,,,,,,
350,0.053,,,,,,,
1818,0.053,,,,,,,
533,0.052,,,,,,,
1664,0.052,,,,,,,
221,0.052,,,,,,,
306,0.052,,,,,,,
1330,0.051,,,,,,,
1336,0.051,,,,,,,
798,0.051,,,,,,,
1191,0.051,,,,,,,
1880,0.051,,,,,,,
650,0.05,,,,,,,
1194,0.05,,,,,,,
923,0.05,,,,,,,
1179,0.05,,,,,,,
460,0.049,,,,,,,
1380,0.049,,,,,,,
866,0.049,,,,,,,
752,0.048,,,,,,,
41,0.048,,,,,,,
716,0.048,,,,,,,
699,0.048,,,,,,,
754,0.048,,,,,,,
1173,0.048,,,,,,,
1645,0.048,,,,,,,
888,0.048,,,,,,,
411,0.047,,,,,,,
1928,0.047,,,,,,,
1883,0.047,,,,,,,
1312,0.047,,,,,,,
80,0.046,,,,,,,
1474,0.046,,,,,,,
520,0.046,,,,,,,
1753,0.046,,,,,,,
102,0.046,,,,,,,
744,0.045,,,,,,,
1990,0.045,,,,,,,
800,0.045,,,,,,,
1554,0.045,,,,,,,
1244,0.044,,,,,,,
585,0.044,,,,,,,
1435,0.044,,,,,,,
1033,0.044,,,,,,,
357,0.044,,,,,,,
922,0.044,,,,,,,
997,0.044,,,,,,,
1715,0.044,,,,,,,
1964,0.043,,,,,,,
1569,0.043,,,,,,,
496,0.043,,,,,,,
469,0.043,,,,,,,
1869,0.043,,,,,,,
353,0.043,,,,,,,
1763,0.043,,,,,,,
916,0.043,,,,,,,
543,0.042,,,,,,,
1080,0.042,,,,,,,
141,0.042,,,,,,,
1604,0.042,,,,,,,
14,0.042,,,,,,,
709,0.042,,,,,,,
71,0.042,,,,,,,
1965,0.041,,,,,,,
1529,0.041,,,,,,,
1572,0.041,,,,,,,
1974,0.041,,,,,,,
1542,0.04,,,,,,,
1983,0.04,,,,,,,
636,0.04,,,,,,,
305,0.04,,,,,,,
789,0.04,,,,,,,
1793,0.04,,,,,,,
1124,0.04,,,,,,,
984,0.039,,,,,,,
560,0.039,,,,,,,
1099,0.039,,,,,,,
1057,0.039,,,,,,,
554,0.039,,,,,,,
696,0.039,,,,,,,
285,0.039,,,,,,,
1011,0.039,,,,,,,
341,0.039,,,,,,,
178,0.038,,,,,,,
509,0.038,,,,,,,
1979,0.038,,,,,,,
498,0.038,,,,,,,
1270,0.038,,,,,,,
1114,0.038,,,,,,,
1027,0.038,,,,,,,
284,0.038,,,,,,,
144,0.037,,,,,,,
1393,0.037,,,,,,,
181,0.037,,,,,,,
45,0.037,,,,,,,
513,0.037,,,,,,,
351,0.037,,,,,,,
1327,0.037,,,,,,,
535,0.037,,,,,,,
1078,0.036,,,,,,,
458,0.036,,,,,,,
472,0.036,,,,,,,
668,0.036,,,,,,,
1050,0.036,,,,,,,
926,0.036,,,,,,,
1622,0.036,,,,,,,
1334,0.036,,,,,,,
1498,0.036,,,,,,,
1960,0.036,,,,,,,
702,0.035,,,,,,,
973,0.035,,,,,,,
259,0.035,,,,,,,
1620,0.035,,,,,,,
1416,0.035,,,,,,,
989,0.035,,,,,,,
1701,0.035,,,,,,,
210,0.034,,,,,,,
1878,0.034,,,,,,,
854,0.034,,,,,,,
73,0.034,,,,,,,
1808,0.034,,,,,,,
1503,0.034,,,,,,,
59,0.034,,,,,,,
1412,0.034,,,,,,,
1092,0.034,,,,,,,
484,0.034,,,,,,,
266,0.033,,,,,,,
1817,0.033,,,,,,,
1923,0.033,,,,,,,
991,0.033,,,,,,,
633,0.033,,,,,,,
902,0.033,,,,,,,
538,0.032,,,,,,,
27,0.032,,,,,,,
277,0.032,,,,,,,
1006,0.032,,,,,,,
1852,0.032,,,,,,,
1916,0.032,,,,,,,
443,0.032,,,,,,,
840,0.032,,,,,,,
669,0.032,,,,,,,
1849,0.032,,,,,,,
1646,0.032,,,,,,,
1328,0.032,,,,,,,
1335,0.032,,,,,,,
1679,0.032,,,,,,,
1577,0.031,,,,,,,
214,0.031,,,,,,,
1911,0.031,,,,,,,
570,0.031,,,,,,,
1289,0.031,,,,,,,
371,0.031,,,,,,,
295,0.031,,,,,,,
1549,0.031,,,,,,,
1300,0.031,,,,,,,
1095,0.031,,,,,,,
1381,0.031,,,,,,,
829,0.031,,,,,,,
1082,0.031,,,,,,,
955,0.031,,,,,,,
1973,0.031,,,,,,,
240,0.03,,,,,,,
1975,0.03,,,,,,,
418,0.03,,,,,,,
94,0.03,,,,,,,
49,0.03,,,,,,,
85,0.03,,,,,,,
605,0.03,,,,,,,
1238,0.03,,,,,,,
119,0.03,,,,,,,
1647,0.03,,,,,,,
1865,0.03,,,,,,,
1762,0.03,,,,,,,
1837,0.03,,,,,,,
1349,0.03,,,,,,,
455,0.03,,,,,,,
759,0.03,,,,,,,
874,0.03,,,,,,,
1940,0.03,,,,,,,
1724,0.03,,,,,,,
1780,0.03,,,,,,,
642,0.03,,,,,,,
1966,0.029,,,,,,,
600,0.029,,,,,,,
1543,0.029,,,,,,,
1183,0.029,,,,,,,
236,0.029,,,,,,,
241,0.029,,,,,,,
1211,0.029,,,,,,,
1101,0.029,,,,,,,
937,0.029,,,,,,,
1821,0.029,,,,,,,
403,0.029,,,,,,,
536,0.029,,,,,,,
1636,0.029,,,,,,,
565,0.029,,,,,,,
653,0.029,,,,,,,
1816,0.028,,,,,,,
949,0.028,,,,,,,
1277,0.028,,,,,,,
1356,0.028,,,,,,,
465,0.028,,,,,,,
816,0.028,,,,,,,
447,0.028,,,,,,,
1317,0.028,,,,,,,
1060,0.028,,,,,,,
1222,0.028,,,,,,,
393,0.028,,,,,,,
1905,0.028,,,,,,,
1225,0.028,,,,,,,
1195,0.028,,,,,,,
1871,0.028,,,,,,,
692,0.027,,,,,,,
613,0.027,,,,,,,
825,0.027,,,,,,,
1948,0.027,,,,,,,
1464,0.027,,,,,,,
1861,0.027,,,,,,,
634,0.027,,,,,,,
1902,0.027,,,,,,,
868,0.027,,,,,,,
158,0.027,,,,,,,
792,0.027,,,,,,,
1760,0.027,,,,,,,
175,0.027,,,,,,,
204,0.027,,,,,,,
834,0.027,,,,,,,
35,0.027,,,,,,,
445,0.027,,,,,,,
578,0.027,,,,,,,
1188,0.027,,,,,,,
700,0.027,,,,,,,
688,0.027,,,,,,,
170,0.027,,,,,,,
1776,0.026,,,,,,,
490,0.026,,,,,,,
1388,0.026,,,,,,,
566,0.026,,,,,,,
572,0.026,,,,,,,
1453,0.026,,,,,,,
920,0.026,,,,,,,
1723,0.026,,,,,,,
1231,0.026,,,,,,,
1257,0.026,,,,,,,
970,0.026,,,,,,,
1434,0.026,,,,,,,
380,0.026,,,,,,,
1580,0.026,,,,,,,
661,0.026,,,,,,,
58,0.026,,,,,,,
617,0.026,,,,,,,
1403,0.025,,,,,,,
978,0.025,,,,,,,
1826,0.025,,,,,,,
195,0.025,,,,,,,
1631,0.025,,,,,,,
559,0.025,,,,,,,
561,0.025,,,,,,,
676,0.025,,,,,,,
704,0.025,,,,,,,
1052,0.025,,,,,,,
160,0.025,,,,,,,
550,0.025,,,,,,,
372,0.025,,,,,,,
1398,0.025,,,,,,,
1255,0.024,,,,,,,
1315,0.024,,,,,,,
123,0.024,,,,,,,
95,0.024,,,,,,,
151,0.024,,,,,,,
1396,0.024,,,,,,,
96,0.024,,,,,,,
624,0.024,,,,,,,
1725,0.024,,,,,,,
1480,0.024,,,,,,,
1180,0.024,,,,,,,
1521,0.024,,,,,,,
1957,0.024,,,,,,,
57,0.024,,,,,,,
1937,0.024,,,,,,,
1713,0.024,,,,,,,
1704,0.024,,,,,,,
1059,0.024,,,,,,,
773,0.024,,,,,,,
1665,0.024,,,,,,,
130,0.024,,,,,,,
1971,0.023,,,,,,,
523,0.023,,,,,,,
1087,0.023,,,,,,,
1895,0.023,,,,,,,
1786,0.023,,,,,,,
166,0.023,,,,,,,
1178,0.023,,,,,,,
1619,0.023,,,,,,,
598,0.023,,,,,,,
7,0.023,,,,,,,
1176,0.023,,,,,,,
1650,0.023,,,,,,,
859,0.023,,,,,,,
791,0.023,,,,,,,
943,0.023,,,,,,,
679,0.023,,,,,,,
188,0.023,,,,,,,
394,0.023,,,,,,,
1279,0.022,,,,,,,
1946,0.022,,,,,,,
1672,0.022,,,,,,,
1308,0.022,,,,,,,
757,0.022,,,,,,,
255,0.022,,,,,,,
1235,0.022,,,,,,,
810,0.022,,,,,,,
843,0.022,,,,,,,
1467,0.022,,,,,,,
551,0.022,,,,,,,
313,0.022,,,,,,,
138,0.022,,,,,,,
1970,0.022,,,,,,,
1360,0.022,,,,,,,
1186,0.021,,,,,,,
413,0.021,,,,,,,
1866,0.021,,,,,,,
317,0.021,,,,,,,
542,0.021,,,,,,,
1673,0.021,,,,,,,
145,0.021,,,,,,,
28,0.021,,,,,,,
1694,0.021,,,,,,,
521,0.021,,,,,,,
212,0.021,,,,,,,
82,0.021,,,,,,,
693,0.021,,,,,,,
1842,0.021,,,,,,,
246,0.021,,,,,,,
1121,0.021,,,,,,,
1730,0.021,,,,,,,
1995,0.021,,,,,,,
803,0.021,,,,,,,
827,0.021,,,,,,,
1682,0.021,,,,,,,
956,0.021,,,,,,,
641,0.021,,,,,,,
488,0.021,,,,,,,
1788,0.021,,,,,,,
53,0.021,,,,,,,
558,0.021,,,,,,,
1772,0.021,,,,,,,
519,0.021,,,,,,,
268,0.02,,,,,,,
921,0.02,,,,,,,
31,0.02,,,,,,,
708,0.02,,,,,,,
606,0.02,,,,,,,
352,0.02,,,,,,,
1105,0.02,,,,,,,
906,0.02,,,,,,,
251,0.02,,,,,,,
1329,0.02,,,,,,,
1603,0.02,,,,,,,
1145,0.02,,,,,,,
1203,0.02,,,,,,,
1988,0.02,,,,,,,
1083,0.02,,,,,,,
104,0.02,,,,,,,
438,0.02,,,,,,,
589,0.02,,,,,,,
1592,0.02,,,,,,,
423,0.02,,,,,,,
1385,0.019,,,,,,,
954,0.019,,,,,,,
91,0.019,,,,,,,
927,0.019,,,,,,,
1399,0.019,,,,,,,
1525,0.019,,,,,,,
1283,0.019,,,,,,,
172,0.019,,,,,,,
1999,0.019,,,,,,,
1301,0.019,,,,,,,
771,0.019,,,,,,,
1331,0.019,,,,,,,
1941,0.019,,,,,,,
1929,0.019,,,,,,,
503,0.019,,,,,,,
47,0.019,,,,,,,
1214,0.019,,,,,,,
390,0.019,,,,,,,
1147,0.018,,,,,,,
1670,0.018,,,,,,,
1563,0.018,,,,,,,
1506,0.018,,,,,,,
1357,0.018,,,,,,,
1309,0.018,,,,,,,
1804,0.018,,,,,,,
316,0.018,,,,,,,
1091,0.018,,,,,,,
750,0.018,,,,,,,
1463,0.018,,,,,,,
766,0.018,,,,,,,
1510,0.018,,,,,,,
1751,0.018,,,,,,,
967,0.018,,,,,,,
169,0.018,,,,,,,
1906,0.018,,,,,,,
1252,0.018,,,,,,,
366,0.018,,,,,,,
1508,0.018,,,,,,,
432,0.018,,,,,,,
354,0.018,,,,,,,
1224,0.018,,,,,,,
1131,0.018,,,,,,,
1449,0.018,,,,,,,
1341,0.018,,,,,,,
74,0.018,,,,,,,
945,0.018,,,,,,,
1801,0.018,,,,,,,
627,0.018,,,,,,,
867,0.017,,,,,,,
1832,0.017,,,,,,,
1728,0.017,,,,,,,
1588,0.017,,,,,,,
1160,0.017,,,,,,,
662,0.017,,,,,,,
1623,0.017,,,,,,,
1587,0.017,,,,,,,
1757,0.017,,,,,,,
276,0.017,,,,,,,
582,0.017,,,,,,,
904,0.017,,,,,,,
784,0.017,,,,,,,
396,0.017,,,,,,,
1910,0.017,,,,,,,
1985,0.017,,,,,,,
507,0.017,,,,,,,
1441,0.017,,,,,,,
1892,0.017,,,,,,,
735,0.017,,,,,,,
1387,0.016,,,,,,,
938,0.016,,,,,,,
171,0.016,,,,,,,
811,0.016,,,,,,,
1897,0.016,,,,,,,
573,0.016,,,,,,,
1005,0.016,,,,,,,
1635,0.016,,,,,,,
1900,0.016,,,,,,,
1667,0.016,,,,,,,
804,0.016,,,,,,,
1798,0.016,,,,,,,
453,0.016,,,,,,,
98,0.016,,,,,,,
426,0.016,,,,,,,
1274,0.016,,,,,,,
1133,0.016,,,,,,,
75,0.016,,,,,,,
1943,0.016,,,,,,,
107,0.016,,,,,,,
762,0.016,,,,,,,
1887,0.016,,,,,,,
84,0.016,,,,,,,
1261,0.015,,,,,,,
242,0.015,,,,,,,
1593,0.015,,,,,,,
618,0.015,,,,,,,
777,0.015,,,,,,,
1172,0.015,,,,,,,
29,0.015,,,,,,,
200,0.015,,,,,,,
1299,0.015,,,,,,,
1372,0.015,,,,,,,
1240,0.015,,,,,,,
785,0.015,,,,,,,
446,0.015,,,,,,,
1789,0.015,,,,,,,
555,0.015,,,,,,,
1284,0.015,,,,,,,
383,0.015,,,,,,,
1494,0.015,,,,,,,
1903,0.015,,,,,,,
645,0.014,,,,,,,
1841,0.014,,,,,,,
656,0.014,,,,,,,
118,0.014,,,,,,,
818,0.014,,,,,,,
1134,0.014,,,,,,,
1069,0.014,,,,,,,
1326,0.014,,,,,,,
761,0.014,,,,,,,
518,0.014,,,,,,,
1735,0.014,,,,,,,
321,0.014,,,,,,,
406,0.014,,,,,,,
830,0.014,,,,,,,
1296,0.014,,,,,,,
569,0.014,,,,,,,
1488,0.014,,,,,,,
1830,0.014,,,,,,,
86,0.014,,,,,,,
1159,0.014,,,,,,,
1739,0.014,,,,,,,
344,0.014,,,,,,,
115,0.014,,,,,,,
1084,0.014,,,,,,,
208,0.014,,,,,,,
1237,0.013,,,,,,,
1062,0.013,,,,,,,
333,0.013,,,,,,,
1545,0.013,,,,,,,
1680,0.013,,,,,,,
1850,0.013,,,,,,,
1796,0.013,,,,,,,
579,0.013,,,,,,,
590,0.013,,,,,,,
974,0.013,,,,,,,
1127,0.013,,,,,,,
1074,0.013,,,,,,,
767,0.013,,,,,,,
1445,0.013,,,,,,,
12,0.013,,,,,,,
456,0.013,,,,,,,
189,0.013,,,,,,,
100,0.013,,,,,,,
1469,0.013,,,,,,,
741,0.013,,,,,,,
146,0.013,,,,,,,
1889,0.013,,,,,,,
1479,0.013,,,,,,,
292,0.013,,,,,,,
1696,0.013,,,,,,,
950,0.013,,,,,,,
969,0.013,,,,,,,
54,0.013,,,,,,,
1914,0.013,,,,,,,
1371,0.013,,,,,,,
719,0.013,,,,,,,
1184,0.013,,,,,,,
607,0.013,,,,,,,
1063,0.013,,,,,,,
1089,0.013,,,,,,,
471,0.013,,,,,,,
1986,0.013,,,,,,,
1258,0.013,,,,,,,
856,0.012,,,,,,,
964,0.012,,,,,,,
563,0.012,,,,,,,
1323,0.012,,,,,,,
1615,0.012,,,,,,,
584,0.012,,,,,,,
648,0.012,,,,,,,
404,0.012,,,,,,,
1390,0.012,,,,,,,
1407,0.012,,,,,,,
861,0.012,,,,,,,
1079,0.012,,,,,,,
1711,0.012,,,,,,,
1223,0.012,,,,,,,
806,0.012,,,,,,,
46,0.012,,,,,,,
1718,0.012,,,,,,,
1310,0.012,,,,,,,
1843,0.012,,,,,,,
841,0.012,,,,,,,
491,0.012,,,,,,,
173,0.012,,,,,,,
385,0.012,,,,,,,
1383,0.012,,,,,,,
664,0.012,,,,,,,
1404,0.012,,,,,,,
477,0.012,,,,,,,
1035,0.012,,,,,,,
815,0.012,,,,,,,
154,0.012,,,,,,,
820,0.011,,,,,,,
182,0.011,,,,,,,
43,0.011,,,,,,,
227,0.011,,,,,,,
32,0.011,,,,,,,
723,0.011,,,,,,,
1298,0.011,,,,,,,
1382,0.011,,,,,,,
749,0.011,,,,,,,
109,0.011,,,,,,,
1154,0.011,,,,,,,
1991,0.011,,,,,,,
957,0.011,,,,,,,
1333,0.011,,,,,,,
50,0.011,,,,,,,
993,0.011,,,,,,,
674,0.011,,,,,,,
747,0.011,,,,,,,
230,0.011,,,,,,,
1809,0.011,,,,,,,
979,0.011,,,,,,,
437,0.011,,,,,,,
382,0.011,,,,,,,
1171,0.011,,,,,,,
114,0.011,,,,,,,
1215,0.011,,,,,,,
1505,0.01,,,,,,,
1653,0.01,,,,,,,
1318,0.01,,,,,,,
364,0.01,,,,,,,
1560,0.01,,,,,,,
1936,0.01,,,,,,,
131,0.01,,,,,,,
1500,0.01,,,,,,,
1944,0.01,,,,,,,
506,0.01,,,,,,,
939,0.01,,,,,,,
328,0.01,,,,,,,
1643,0.01,,,,,,,
17,0.01,,,,,,,
1949,0.01,,,,,,,
962,0.01,,,,,,,
279,0.01,,,,,,,
864,0.01,,,,,,,
1599,0.01,,,,,,,
1102,0.01,,,,,,,
1169,0.01,,,,,,,
1769,0.01,,,,,,,
1292,0.01,,,,,,,
620,0.01,,,,,,,
1695,0.01,,,,,,,
263,0.01,,,,,,,
884,0.01,,,,,,,
1152,0.01,,,,,,,
1513,0.01,,,,,,,
706,0.01,,,,,,,
42,0.01,,,,,,,
106,0.01,,,,,,,
1854,0.01,,,,,,,
1820,0.01,,,,,,,
775,0.01,,,,,,,
307,0.01,,,,,,,
1197,0.009,,,,,,,
996,0.009,,,,,,,
1668,0.009,,,,,,,
1175,0.009,,,,,,,
450,0.009,,,,,,,
64,0.009,,,,,,,
193,0.009,,,,,,,
1032,0.009,,,,,,,
153,0.009,,,,,,,
976,0.009,,,,,,,
1042,0.009,,,,,,,
451,0.009,,,,,,,
1779,0.009,,,,,,,
1268,0.009,,,,,,,
1447,0.009,,,,,,,
1406,0.009,,,,,,,
1265,0.009,,,,,,,
1481,0.009,,,,,,,
797,0.009,,,,,,,
1135,0.009,,,,,,,
1828,0.009,,,,,,,
1591,0.009,,,,,,,
1967,0.009,,,,,,,
1972,0.009,,,,,,,
628,0.009,,,,,,,
335,0.009,,,,,,,
673,0.009,,,,,,,
839,0.009,,,,,,,
502,0.009,,,,,,,
1044,0.009,,,,,,,
769,0.009,,,,,,,
1519,0.009,,,,,,,
746,0.009,,,,,,,
835,0.009,,,,,,,
1386,0.008,,,,,,,
1484,0.008,,,,,,,
602,0.008,,,,,,,
924,0.008,,,,,,,
630,0.008,,,,,,,
713,0.008,,,,,,,
310,0.008,,,,,,,
540,0.008,,,,,,,
886,0.008,,,,,,,
1204,0.008,,,,,,,
591,0.008,,,,,,,
1065,0.008,,,,,,,
1314,0.008,,,,,,,
1199,0.008,,,,,,,
733,0.008,,,,,,,
734,0.008,,,,,,,
1425,0.008,,,,,,,
34,0.008,,,,,,,
1097,0.008,,,,,,,
646,0.008,,,,,,,
1077,0.008,,,,,,,
1624,0.008,,,,,,,
37,0.008,,,,,,,
951,0.008,,,,,,,
1322,0.008,,,,,,,
1313,0.008,,,,,,,
199,0.008,,,,,,,
982,0.008,,,,,,,
586,0.008,,,,,,,
1547,0.008,,,,,,,
1376,0.008,,,,,,,
855,0.008,,,,,,,
448,0.007,,,,,,,
33,0.007,,,,,,,
1030,0.007,,,,,,,
1978,0.007,,,,,,,
986,0.007,,,,,,,
1873,0.007,,,,,,,
1429,0.007,,,,,,,
1814,0.007,,,,,,,
122,0.007,,,,,,,
1170,0.007,,,,,,,
1350,0.007,,,,,,,
1129,0.007,,,,,,,
206,0.007,,,,,,,
162,0.007,,,,,,,
397,0.007,,,,,,,
1081,0.007,,,,,,,
883,0.007,,,,,,,
234,0.007,,,,,,,
1096,0.007,,,,,,,
184,0.007,,,,,,,
917,0.007,,,,,,,
604,0.007,,,,,,,
608,0.007,,,,,,,
363,0.007,,,,,,,
1021,0.007,,,,,,,
388,0.007,,,,,,,
1109,0.007,,,,,,,
1094,0.007,,,,,,,
860,0.007,,,,,,,
473,0.007,,,,,,,
837,0.006,,,,,,,
779,0.006,,,,,,,
1086,0.006,,,,,,,
1150,0.006,,,,,,,
287,0.006,,,,,,,
1208,0.006,,,,,,,
1414,0.006,,,,,,,
1025,0.006,,,,,,,
1450,0.006,,,,,,,
248,0.006,,,,,,,
1585,0.006,,,,,,,
1460,0.006,,,,,,,
1552,0.006,,,,,,,
1822,0.006,,,,,,,
10,0.006,,,,,,,
93,0.006,,,,,,,
331,0.006,,,,,,,
1984,0.006,,,,,,,
349,0.006,,,,,,,
320,0.006,,,,,,,
1996,0.006,,,,,,,
1088,0.006,,,,,,,
1262,0.006,,,,,,,
1558,0.006,,,,,,,
621,0.006,,,,,,,
1153,0.006,,,,,,,
1765,0.006,,,,,,,
1346,0.006,,,,,,,
1509,0.006,,,,,,,
165,0.006,,,,,,,
985,0.006,,,,,,,
1249,0.006,,,,,,,
1951,0.006,,,,,,,
1791,0.006,,,,,,,
960,0.006,,,,,,,
537,0.006,,,,,,,
1446,0.006,,,,,,,
1422,0.005,,,,,,,
1374,0.005,,,,,,,
1663,0.005,,,,,,,
1400,0.005,,,,,,,
1276,0.005,,,,,,,
219,0.005,,,,,,,
1182,0.005,,,,,,,
511,0.005,,,,,,,
778,0.005,,,,,,,
853,0.005,,,,,,,
412,0.005,,,,,,,
1540,0.005,,,,,,,
879,0.005,,,,,,,
545,0.005,,,,,,,
1522,0.005,,,,,,,
872,0.005,,,,,,,
1243,0.005,,,,,,,
1705,0.005,,,,,,,
1430,0.005,,,,,,,
1003,0.005,,,,,,,
858,0.005,,,,,,,
1726,0.005,,,,,,,
1564,0.005,,,,,,,
756,0.005,,,,,,,
60,0.005,,,,,,,
203,0.005,,,,,,,
865,0.005,,,,,,,
1785,0.005,,,,,,,
1103,0.005,,,,,,,
596,0.005,,,,,,,
1893,0.004,,,,,,,
1512,0.004,,,,,,,
1799,0.004,,,,,,,
463,0.004,,,,,,,
1267,0.004,,,,,,,
1925,0.004,,,,,,,
637,0.004,,,,,,,
682,0.004,,,,,,,
1026,0.004,,,,,,,
1064,0.004,,,,,,,
1319,0.004,,,,,,,
1660,0.004,,,,,,,
1325,0.004,,,,,,,
549,0.004,,,,,,,
1868,0.004,,,,,,,
953,0.004,,,,,,,
1557,0.004,,,,,,,
1658,0.004,,,,,,,
1702,0.004,,,,,,,
1352,0.004,,,,,,,
359,0.004,,,,,,,
1295,0.004,,,,,,,
1685,0.004,,,,,,,
180,0.004,,,,,,,
1737,0.004,,,,,,,
1954,0.004,,,,,,,
1784,0.004,,,,,,,
889,0.004,,,,,,,
1472,0.004,,,,,,,
1666,0.004,,,,,,,
409,0.004,,,,,,,
1413,0.004,,,,,,,
319,0.004,,,,,,,
140,0.004,,,,,,,
1761,0.004,,,,,,,
1014,0.004,,,,,,,
1573,0.004,,,,,,,
1,0.004,,,,,,,
1056,0.004,,,,,,,
934,0.004,,,,,,,
1567,0.003,,,,,,,
1768,0.003,,,,,,,
932,0.003,,,,,,,
1710,0.003,,,,,,,
1477,0.003,,,,,,,
1495,0.003,,,,,,,
1072,0.003,,,,,,,
1746,0.003,,,,,,,
1994,0.003,,,,,,,
1693,0.003,,,,,,,
1487,0.003,,,,,,,
724,0.003,,,,,,,
1161,0.003,,,,,,,
420,0.003,,,,,,,
961,0.003,,,,,,,
1654,0.003,,,,,,,
185,0.003,,,,,,,
1523,0.003,,,,,,,
374,0.003,,,,,,,
907,0.003,,,,,,,
848,0.003,,,,,,,
1454,0.003,,,,,,,
21,0.003,,,,,,,
770,0.003,,,,,,,
1100,0.003,,,,,,,
541,0.003,,,,,,,
1875,0.003,,,,,,,
897,0.003,,,,,,,
207,0.003,,,,,,,
988,0.003,,,,,,,
1164,0.003,,,,,,,
281,0.003,,,,,,,
228,0.003,,,,,,,
971,0.003,,,,,,,
1835,0.003,,,,,,,
942,0.003,,,,,,,
802,0.003,,,,,,,
303,0.003,,,,,,,
1582,0.002,,,,,,,
530,0.002,,,,,,,
721,0.002,,,,,,,
342,0.002,,,,,,,
124,0.002,,,,,,,
908,0.002,,,,,,,
1018,0.002,,,,,,,
1747,0.002,,,,,,,
1049,0.002,,,,,,,
1601,0.002,,,,,,,
919,0.002,,,,,,,
659,0.002,,,,,,,
211,0.002,,,,,,,
1002,0.002,,,,,,,
1932,0.002,,,,,,,
1676,0.002,,,,,,,
369,0.002,,,,,,,
1766,0.002,,,,,,,
1168,0.002,,,,,,,
1570,0.002,,,,,,,
1907,0.002,,,,,,,
1010,0.002,,,,,,,
626,0.002,,,,,,,
1316,0.002,,,,,,,
48,0.002,,,,,,,
265,0.002,,,,,,,
1877,0.002,,,,,,,
732,0.002,,,,,,,
1230,0.002,,,,,,,
1989,0.002,,,,,,,
1583,0.002,,,,,,,
273,0.002,,,,,,,
274,0.002,,,,,,,
745,0.002,,,,,,,
433,0.002,,,,,,,
1864,0.002,,,,,,,
1621,0.002,,,,,,,
1177,0.002,,,,,,,
1938,0.002,,,,,,,
1209,0.002,,,,,,,
547,0.001,,,,,,,
1366,0.001,,,,,,,
1649,0.001,,,,,,,
599,0.001,,,,,,,
238,0.001,,,,,,,
1709,0.001,,,,,,,
1205,0.001,,,,,,,
1891,0.001,,,,,,,
1438,0.001,,,,,,,
1123,0.001,,,,,,,
862,0.001,,,,,,,
1590,0.001,,,,,,,
1155,0.001,,,,,,,
1421,0.001,,,,,,,
90,0.001,,,,,,,
601,0.001,,,,,,,
552,0.001,,,,,,,
311,0.001,,,,,,,
1857,0.001,,,,,,,
900,0.001,,,,,,,
1239,0.001,,,,,,,
526,0.001,,,,,,,
898,0.001,,,,,,,
623,0.001,,,,,,,
1501,0.001,,,,,,,
1016,0.001,,,,,,,
544,0.001,,,,,,,
1019,0.001,,,,,,,
1755,0.001,,,,,,,
610,0.001,,,,,,,
1489,0.001,,,,,,,
684,0.001,,,,,,,
1982,0.001,,,,,,,
202,0.001,,,,,,,
79,0.001,,,,,,,
25,0.001,,,,,,,
1797,0.001,,,,,,,
609,0.001,,,,,,,
1139,0.001,,,,,,,
1507,0.001,,,,,,,
1271,0.001,,,,,,,
703,0.001,,,,,,,
1858,0.001,,,,,,,
424,0.001,,,,,,,
1661,0.001,,,,,,,
1132,0.001,,,,,,,
1282,0.001,,,,,,,
504,0,,,,,,,
1269,0,,,,,,,
677,0,,,,,,,
1070,0,,,,,,,
88,0,,,,,,,
1305,0,,,,,,,
337,0,,,,,,,
564,0,,,,,,,
1674,0,,,,,,,
1426,0,,,,,,,
1863,0,,,,,,,
454,0,,,,,,,
324,0,,,,,,,
18,0,,,,,,,
1076,0,,,,,,,
534,0,,,,,,,
365,0,,,,,,,
1575,0,,,,,,,
1433,0,,,,,,,
137,0,,,,,,,
1597,0,,,,,,,
1659,0,,,,,,,
869,0,,,,,,,
179,0,,,,,,,
1427,0,,,,,,,
1733,0,,,,,,,
441,0,,,,,,,
1491,0,,,,,,,
737,0,,,,,,,
1166,0,,,,,,,
1969,0,,,,,,,
1345,0,,,,,,,
1778,0,,,,,,,
1212,0,,,,,,,
1998,0,,,,,,,
1344,0,,,,,,,
678,0,,,,,,,
847,0,,,,,,,
508,0,,,,,,,
1293,0,,,,,,,
1722,0,,,,,,,
1743,0,,,,,,,
931,0,,,,,,,
192,0,,,,,,,
1107,0,,,,,,,
1236,0,,,,,,,
475,0,,,,,,,
1241,-0.001,,,,,,,
685,-0.001,,,,,,,
1703,-0.001,,,,,,,
1468,-0.001,,,,,,,
345,-0.001,,,,,,,
1953,-0.001,,,,,,,
1566,-0.001,,,,,,,
1246,-0.001,,,,,,,
857,-0.001,,,,,,,
1884,-0.001,,,,,,,
1531,-0.001,,,,,,,
1741,-0.001,,,,,,,
1719,-0.001,,,,,,,
515,-0.001,,,,,,,
1113,-0.001,,,,,,,
1039,-0.001,,,,,,,
461,-0.001,,,,,,,
730,-0.001,,,,,,,
846,-0.001,,,,,,,
1581,-0.001,,,,,,,
430,-0.001,,,,,,,
1888,-0.001,,,,,,,
1717,-0.001,,,,,,,
339,-0.001,,,,,,,
428,-0.001,,,,,,,
995,-0.001,,,,,,,
1853,-0.001,,,,,,,
1146,-0.001,,,,,,,
1777,-0.001,,,,,,,
1458,-0.001,,,,,,,
1840,-0.001,,,,,,,
1594,-0.001,,,,,,,
1537,-0.001,,,,,,,
1368,-0.001,,,,,,,
69,-0.001,,,,,,,
1607,-0.001,,,,,,,
254,-0.001,,,,,,,
1516,-0.001,,,,,,,
1149,-0.001,,,,,,,
1120,-0.001,,,,,,,
1143,-0.001,,,,,,,
1933,-0.001,,,,,,,
1391,-0.002,,,,,,,
318,-0.002,,,,,,,
1020,-0.002,,,,,,,
698,-0.002,,,,,,,
1286,-0.002,,,,,,,
1125,-0.002,,,,,,,
966,-0.002,,,,,,,
1614,-0.002,,,,,,,
262,-0.002,,,,,,,
1009,-0.002,,,,,,,
1302,-0.002,,,,,,,
1517,-0.002,,,,,,,
218,-0.002,,,,,,,
786,-0.002,,,,,,,
373,-0.002,,,,,,,
1273,-0.002,,,,,,,
483,-0.002,,,,,,,
1418,-0.002,,,,,,,
1220,-0.002,,,,,,,
1321,-0.002,,,,,,,
1930,-0.002,,,,,,,
1846,-0.002,,,,,,,
592,-0.002,,,,,,,
1038,-0.002,,,,,,,
842,-0.002,,,,,,,
24,-0.002,,,,,,,
309,-0.002,,,,,,,
1054,-0.002,,,,,,,
1048,-0.002,,,,,,,
13,-0.002,,,,,,,
909,-0.002,,,,,,,
977,-0.002,,,,,,,
67,-0.002,,,,,,,
894,-0.002,,,,,,,
1524,-0.002,,,,,,,
462,-0.002,,,,,,,
1611,-0.002,,,,,,,
1598,-0.002,,,,,,,
220,-0.002,,,,,,,
1608,-0.002,,,,,,,
198,-0.002,,,,,,,
525,-0.002,,,,,,,
494,-0.002,,,,,,,
156,-0.002,,,,,,,
1855,-0.002,,,,,,,
1633,-0.002,,,,,,,
476,-0.002,,,,,,,
275,-0.002,,,,,,,
1980,-0.002,,,,,,,
622,-0.002,,,,,,,
529,-0.002,,,,,,,
1691,-0.002,,,,,,,
1093,-0.002,,,,,,,
1819,-0.003,,,,,,,
1959,-0.003,,,,,,,
436,-0.003,,,,,,,
168,-0.003,,,,,,,
683,-0.003,,,,,,,
739,-0.003,,,,,,,
1687,-0.003,,,,,,,
389,-0.003,,,,,,,
1532,-0.003,,,,,,,
326,-0.003,,,,,,,
343,-0.003,,,,,,,
994,-0.003,,,,,,,
987,-0.003,,,,,,,
901,-0.003,,,,,,,
1036,-0.003,,,,,,,
360,-0.003,,,,,,,
362,-0.003,,,,,,,
1015,-0.003,,,,,,,
190,-0.003,,,,,,,
1886,-0.003,,,,,,,
164,-0.003,,,,,,,
26,-0.003,,,,,,,
222,-0.003,,,,,,,
183,-0.003,,,,,,,
1917,-0.003,,,,,,,
1148,-0.003,,,,,,,
410,-0.003,,,,,,,
1363,-0.003,,,,,,,
635,-0.003,,,,,,,
1731,-0.003,,,,,,,
0,-0.003,,,,,,,
1245,-0.003,,,,,,,
1055,-0.003,,,,,,,
1304,-0.003,,,,,,,
1192,-0.003,,,,,,,
1526,-0.003,,,,,,,
1536,-0.003,,,,,,,
201,-0.003,,,,,,,
905,-0.003,,,,,,,
553,-0.003,,,,,,,
61,-0.003,,,,,,,
407,-0.003,,,,,,,
1520,-0.003,,,,,,,
1749,-0.003,,,,,,,
1462,-0.003,,,,,,,
20,-0.003,,,,,,,
1794,-0.003,,,,,,,
65,-0.003,,,,,,,
1896,-0.003,,,,,,,
186,-0.003,,,,,,,
998,-0.003,,,,,,,
439,-0.003,,,,,,,
1022,-0.003,,,,,,,
5,-0.003,,,,,,,
112,-0.003,,,,,,,
755,-0.003,,,,,,,
1470,-0.003,,,,,,,
1156,-0.003,,,,,,,
1138,-0.003,,,,,,,
1459,-0.004,,,,,,,
930,-0.004,,,,,,,
381,-0.004,,,,,,,
1034,-0.004,,,,,,,
1740,-0.004,,,,,,,
1626,-0.004,,,,,,,
787,-0.004,,,,,,,
1163,-0.004,,,,,,,
1130,-0.004,,,,,,,
1288,-0.004,,,,,,,
322,-0.004,,,,,,,
701,-0.004,,,,,,,
1544,-0.004,,,,,,,
416,-0.004,,,,,,,
528,-0.004,,,,,,,
832,-0.004,,,,,,,
1939,-0.004,,,,,,,
36,-0.004,,,,,,,
882,-0.004,,,,,,,
705,-0.004,,,,,,,
1514,-0.004,,,,,,,
1764,-0.004,,,,,,,
875,-0.004,,,,,,,
1634,-0.004,,,,,,,
1451,-0.004,,,,,,,
1992,-0.004,,,,,,,
1115,-0.004,,,,,,,
1378,-0.004,,,,,,,
880,-0.004,,,,,,,
1913,-0.004,,,,,,,
330,-0.004,,,,,,,
1007,-0.004,,,,,,,
1677,-0.004,,,,,,,
1656,-0.004,,,,,,,
728,-0.004,,,,,,,
1641,-0.004,,,,,,,
944,-0.004,,,,,,,
1637,-0.004,,,,,,,
1206,-0.004,,,,,,,
1533,-0.004,,,,,,,
480,-0.004,,,,,,,
497,-0.004,,,,,,,
1024,-0.004,,,,,,,
1437,-0.004,,,,,,,
1962,-0.004,,,,,,,
1671,-0.004,,,,,,,
239,-0.004,,,,,,,
981,-0.004,,,,,,,
191,-0.004,,,,,,,
851,-0.004,,,,,,,
764,-0.004,,,,,,,
1140,-0.004,,,,,,,
1405,-0.004,,,,,,,
809,-0.004,,,,,,,
440,-0.004,,,,,,,
1185,-0.004,,,,,,,
298,-0.005,,,,,,,
647,-0.005,,,,,,,
870,-0.005,,,,,,,
1699,-0.005,,,,,,,
1518,-0.005,,,,,,,
40,-0.005,,,,,,,
78,-0.005,,,,,,,
603,-0.005,,,,,,,
1476,-0.005,,,,,,,
1045,-0.005,,,,,,,
1061,-0.005,,,,,,,
1067,-0.005,,,,,,,
1457,-0.005,,,,,,,
796,-0.005,,,,,,,
574,-0.005,,,,,,,
1976,-0.005,,,,,,,
1675,-0.005,,,,,,,
1419,-0.005,,,,,,,
1890,-0.005,,,,,,,
340,-0.005,,,,,,,
1001,-0.005,,,,,,,
44,-0.005,,,,,,,
597,-0.005,,,,,,,
690,-0.005,,,,,,,
527,-0.005,,,,,,,
289,-0.005,,,,,,,
1879,-0.005,,,,,,,
1118,-0.005,,,,,,,
1478,-0.005,,,,,,,
1221,-0.005,,,,,,,
595,-0.005,,,,,,,
1934,-0.005,,,,,,,
1497,-0.005,,,,,,,
1342,-0.005,,,,,,,
695,-0.005,,,,,,,
482,-0.005,,,,,,,
1369,-0.005,,,,,,,
1716,-0.005,,,,,,,
301,-0.005,,,,,,,
1539,-0.005,,,,,,,
1612,-0.005,,,,,,,
805,-0.005,,,,,,,
980,-0.005,,,,,,,
655,-0.005,,,,,,,
1775,-0.005,,,,,,,
616,-0.005,,,,,,,
312,-0.005,,,,,,,
296,-0.005,,,,,,,
1845,-0.005,,,,,,,
1629,-0.005,,,,,,,
1738,-0.005,,,,,,,
651,-0.005,,,,,,,
768,-0.005,,,,,,,
136,-0.005,,,,,,,
532,-0.005,,,,,,,
1767,-0.005,,,,,,,
1632,-0.005,,,,,,,
209,-0.006,,,,,,,
1119,-0.006,,,,,,,
1950,-0.006,,,,,,,
379,-0.006,,,,,,,
838,-0.006,,,,,,,
1047,-0.006,,,,,,,
1141,-0.006,,,,,,,
826,-0.006,,,,,,,
1165,-0.006,,,,,,,
614,-0.006,,,,,,,
261,-0.006,,,,,,,
1504,-0.006,,,,,,,
1899,-0.006,,,,,,,
1662,-0.006,,,,,,,
9,-0.006,,,,,,,
731,-0.006,,,,,,,
929,-0.006,,,,,,,
760,-0.006,,,,,,,
257,-0.006,,,,,,,
1198,-0.006,,,,,,,
652,-0.006,,,,,,,
6,-0.006,,,,,,,
435,-0.006,,,,,,,
1311,-0.006,,,,,,,
892,-0.006,,,,,,,
1894,-0.006,,,,,,,
1098,-0.006,,,,,,,
1471,-0.006,,,,,,,
1058,-0.006,,,,,,,
1000,-0.006,,,,,,,
697,-0.006,,,,,,,
1652,-0.006,,,,,,,
395,-0.006,,,,,,,
524,-0.006,,,,,,,
1839,-0.006,,,,,,,
1961,-0.006,,,,,,,
1461,-0.006,,,,,,,
1291,-0.006,,,,,,,
654,-0.006,,,,,,,
103,-0.007,,,,,,,
710,-0.007,,,,,,,
968,-0.007,,,,,,,
1364,-0.007,,,,,,,
347,-0.007,,,,,,,
1825,-0.007,,,,,,,
1987,-0.007,,,,,,,
890,-0.007,,,,,,,
1904,-0.007,,,,,,,
1420,-0.007,,,,,,,
999,-0.007,,,,,,,
304,-0.007,,,,,,,
99,-0.007,,,,,,,
1013,-0.007,,,,,,,
290,-0.007,,,,,,,
1698,-0.007,,,,,,,
500,-0.007,,,,,,,
108,-0.007,,,,,,,
1553,-0.007,,,,,,,
129,-0.007,,,,,,,
1444,-0.007,,,,,,,
928,-0.007,,,,,,,
714,-0.007,,,,,,,
774,-0.007,,,,,,,
1275,-0.007,,,,,,,
1306,-0.007,,,,,,,
665,-0.007,,,,,,,
205,-0.007,,,,,,,
271,-0.007,,,,,,,
666,-0.007,,,,,,,
256,-0.007,,,,,,,
501,-0.007,,,,,,,
1774,-0.007,,,,,,,
1408,-0.007,,,,,,,
1256,-0.007,,,,,,,
583,-0.007,,,,,,,
729,-0.007,,,,,,,
788,-0.007,,,,,,,
161,-0.007,,,,,,,
1807,-0.007,,,,,,,
294,-0.007,,,,,,,
315,-0.007,,,,,,,
877,-0.007,,,,,,,
1759,-0.007,,,,,,,
935,-0.007,,,,,,,
1085,-0.007,,,,,,,
689,-0.007,,,,,,,
1754,-0.007,,,,,,,
873,-0.007,,,,,,,
1655,-0.007,,,,,,,
1734,-0.007,,,,,,,
1475,-0.007,,,,,,,
863,-0.007,,,,,,,
1586,-0.007,,,,,,,
280,-0.007,,,,,,,
152,-0.007,,,,,,,
39,-0.007,,,,,,,
1452,-0.007,,,,,,,
1126,-0.007,,,,,,,
1401,-0.007,,,,,,,
1373,-0.007,,,,,,,
1071,-0.007,,,,,,,
1551,-0.007,,,,,,,
1714,-0.008,,,,,,,
1781,-0.008,,,,,,,
408,-0.008,,,,,,,
675,-0.008,,,,,,,
1562,-0.008,,,,,,,
1856,-0.008,,,,,,,
1576,-0.008,,,,,,,
1561,-0.008,,,,,,,
278,-0.008,,,,,,,
226,-0.008,,,,,,,
845,-0.008,,,,,,,
400,-0.008,,,,,,,
1610,-0.008,,,,,,,
1023,-0.008,,,,,,,
1137,-0.008,,,,,,,
1824,-0.008,,,,,,,
1997,-0.008,,,,,,,
1901,-0.008,,,,,,,
1242,-0.008,,,,,,,
1792,-0.008,,,,,,,
1833,-0.008,,,,,,,
1442,-0.008,,,,,,,
1200,-0.008,,,,,,,
8,-0.008,,,,,,,
1226,-0.008,,,,,,,
421,-0.008,,,,,,,
1248,-0.008,,,,,,,
157,-0.008,,,,,,,
1482,-0.008,,,,,,,
1260,-0.008,,,,,,,
1287,-0.008,,,,,,,
4,-0.008,,,,,,,
1116,-0.008,,,,,,,
1502,-0.008,,,,,,,
235,-0.008,,,,,,,
1617,-0.008,,,,,,,
1053,-0.008,,,,,,,
1921,-0.008,,,,,,,
72,-0.008,,,,,,,
187,-0.008,,,,,,,
419,-0.008,,,,,,,
30,-0.009,,,,,,,
1736,-0.009,,,,,,,
1233,-0.009,,,,,,,
516,-0.009,,,,,,,
1963,-0.009,,,,,,,
1362,-0.009,,,,,,,
92,-0.009,,,,,,,
1397,-0.009,,,,,,,
1486,-0.009,,,,,,,
1440,-0.009,,,,,,,
232,-0.009,,,,,,,
1579,-0.009,,,,,,,
1046,-0.009,,,,,,,
743,-0.009,,,,,,,
1568,-0.009,,,,,,,
717,-0.009,,,,,,,
245,-0.009,,,,,,,
925,-0.009,,,,,,,
548,-0.009,,,,,,,
223,-0.009,,,,,,,
125,-0.009,,,,,,,
327,-0.009,,,,,,,
217,-0.009,,,,,,,
571,-0.009,,,,,,,
1721,-0.009,,,,,,,
1657,-0.009,,,,,,,
1128,-0.009,,,,,,,
1968,-0.009,,,,,,,
1167,-0.009,,,,,,,
1958,-0.009,,,,,,,
11,-0.009,,,,,,,
16,-0.009,,,,,,,
63,-0.009,,,,,,,
101,-0.009,,,,,,,
1885,-0.009,,,,,,,
738,-0.009,,,,,,,
1589,-0.009,,,,,,,
1831,-0.009,,,,,,,
936,-0.009,,,,,,,
852,-0.009,,,,,,,
643,-0.009,,,,,,,
1358,-0.009,,,,,,,
270,-0.009,,,,,,,
1110,-0.01,,,,,,,
358,-0.01,,,,,,,
726,-0.01,,,,,,,
1294,-0.01,,,,,,,
1678,-0.01,,,,,,,
1443,-0.01,,,,,,,
1838,-0.01,,,,,,,
97,-0.01,,,,,,,
1496,-0.01,,,,,,,
1075,-0.01,,,,,,,
120,-0.01,,,,,,,
478,-0.01,,,,,,,
990,-0.01,,,,,,,
121,-0.01,,,,,,,
1337,-0.01,,,,,,,
644,-0.01,,,,,,,
512,-0.01,,,,,,,
663,-0.01,,,,,,,
282,-0.01,,,,,,,
1417,-0.01,,,,,,,
1805,-0.01,,,,,,,
1681,-0.01,,,,,,,
264,-0.01,,,,,,,
126,-0.01,,,,,,,
1770,-0.01,,,,,,,
1642,-0.01,,,,,,,
1515,-0.01,,,,,,,
720,-0.01,,,,,,,
269,-0.01,,,,,,,
1909,-0.01,,,,,,,
531,-0.01,,,,,,,
155,-0.01,,,,,,,
1365,-0.01,,,,,,,
1729,-0.01,,,,,,,
52,-0.01,,,,,,,
1942,-0.01,,,,,,,
1955,-0.01,,,,,,,
736,-0.01,,,,,,,
819,-0.011,,,,,,,
1332,-0.011,,,,,,,
431,-0.011,,,,,,,
1727,-0.011,,,,,,,
1815,-0.011,,,,,,,
1527,-0.011,,,,,,,
619,-0.011,,,,,,,
89,-0.011,,,,,,,
794,-0.011,,,,,,,
368,-0.011,,,,,,,
765,-0.011,,,,,,,
1370,-0.011,,,,,,,
1375,-0.011,,,,,,,
963,-0.011,,,,,,,
751,-0.011,,,,,,,
2,-0.011,,,,,,,
378,-0.011,,,,,,,
229,-0.011,,,,,,,
142,-0.011,,,,,,,
370,-0.011,,,,,,,
1616,-0.011,,,,,,,
1066,-0.011,,,,,,,
405,-0.011,,,,,,,
1280,-0.011,,,,,,,
711,-0.011,,,,,,,
1783,-0.011,,,,,,,
933,-0.011,,,,,,,
1259,-0.011,,,,,,,
753,-0.011,,,,,,,
748,-0.011,,,,,,,
1977,-0.011,,,,,,,
150,-0.011,,,,,,,
783,-0.011,,,,,,,
1196,-0.011,,,,,,,
1431,-0.011,,,,,,,
588,-0.011,,,,,,,
1648,-0.011,,,,,,,
293,-0.011,,,,,,,
1813,-0.011,,,,,,,
546,-0.011,,,,,,,
1122,-0.011,,,,,,,
299,-0.011,,,,,,,
772,-0.011,,,,,,,
940,-0.011,,,,,,,
1745,-0.012,,,,,,,
386,-0.012,,,,,,,
1919,-0.012,,,,,,,
891,-0.012,,,,,,,
718,-0.012,,,,,,,
1836,-0.012,,,,,,,
493,-0.012,,,,,,,
1485,-0.012,,,,,,,
1359,-0.012,,,,,,,
1924,-0.012,,,,,,,
1266,-0.012,,,,,,,
694,-0.012,,,,,,,
1051,-0.012,,,,,,,
833,-0.012,,,,,,,
346,-0.012,,,,,,,
402,-0.012,,,,,,,
580,-0.012,,,,,,,
631,-0.012,,,,,,,
70,-0.012,,,,,,,
176,-0.012,,,,,,,
1535,-0.012,,,,,,,
893,-0.012,,,,,,,
1872,-0.012,,,,,,,
946,-0.012,,,,,,,
470,-0.012,,,,,,,
1106,-0.012,,,,,,,
1639,-0.012,,,,,,,
1158,-0.012,,,,,,,
414,-0.012,,,,,,,
885,-0.012,,,,,,,
127,-0.012,,,,,,,
1142,-0.012,,,,,,,
1981,-0.012,,,,,,,
81,-0.012,,,,,,,
1811,-0.012,,,,,,,
1108,-0.012,,,,,,,
1217,-0.012,,,,,,,
68,-0.012,,,,,,,
740,-0.012,,,,,,,
258,-0.012,,,,,,,
965,-0.012,,,,,,,
807,-0.012,,,,,,,
139,-0.012,,,,,,,
1040,-0.012,,,,,,,
638,-0.012,,,,,,,
336,-0.012,,,,,,,
1867,-0.012,,,,,,,
253,-0.012,,,,,,,
1112,-0.012,,,,,,,
1806,-0.012,,,,,,,
1689,-0.012,,,,,,,
1874,-0.013,,,,,,,
831,-0.013,,,,,,,
1432,-0.013,,,,,,,
871,-0.013,,,,,,,
1993,-0.013,,,,,,,
727,-0.013,,,,,,,
1411,-0.013,,,,,,,
55,-0.013,,,,,,,
1104,-0.013,,,,,,,
464,-0.013,,,,,,,
1232,-0.013,,,,,,,
657,-0.013,,,,,,,
377,-0.013,,,,,,,
1800,-0.013,,,,,,,
1935,-0.013,,,,,,,
1748,-0.013,,,,,,,
459,-0.013,,,,,,,
1394,-0.013,,,,,,,
1263,-0.013,,,,,,,
715,-0.013,,,,,,,
481,-0.013,,,,,,,
449,-0.013,,,,,,,
468,-0.013,,,,,,,
1290,-0.013,,,,,,,
763,-0.013,,,,,,,
1424,-0.013,,,,,,,
1281,-0.013,,,,,,,
887,-0.013,,,,,,,
1571,-0.013,,,,,,,
1870,-0.013,,,,,,,
1744,-0.013,,,,,,,
367,-0.013,,,,,,,
398,-0.013,,,,,,,
510,-0.013,,,,,,,
1254,-0.013,,,,,,,
1918,-0.013,,,,,,,
670,-0.013,,,,,,,
1250,-0.014,,,,,,,
568,-0.014,,,,,,,
1193,-0.014,,,,,,,
174,-0.014,,,,,,,
237,-0.014,,,,,,,
110,-0.014,,,,,,,
1823,-0.014,,,,,,,
576,-0.014,,,,,,,
1548,-0.014,,,,,,,
134,-0.014,,,,,,,
1144,-0.014,,,,,,,
19,-0.014,,,,,,,
680,-0.014,,,,,,,
1606,-0.014,,,,,,,
247,-0.014,,,,,,,
1708,-0.014,,,,,,,
216,-0.014,,,,,,,
1202,-0.014,,,,,,,
1511,-0.014,,,,,,,
1117,-0.014,,,,,,,
3,-0.014,,,,,,,
790,-0.014,,,,,,,
1602,-0.014,,,,,,,
1379,-0.014,,,,,,,
1157,-0.014,,,,,,,
1041,-0.014,,,,,,,
1320,-0.014,,,,,,,
1802,-0.014,,,,,,,
562,-0.014,,,,,,,
808,-0.014,,,,,,,
1247,-0.015,,,,,,,
625,-0.015,,,,,,,
1669,-0.015,,,,,,,
1389,-0.015,,,,,,,
495,-0.015,,,,,,,
1264,-0.015,,,,,,,
1847,-0.015,,,,,,,
1534,-0.015,,,,,,,
1756,-0.015,,,,,,,
1920,-0.015,,,,,,,
941,-0.015,,,,,,,
1595,-0.015,,,,,,,
1384,-0.015,,,,,,,
1189,-0.015,,,,,,,
776,-0.015,,,,,,,
1584,-0.015,,,,,,,
522,-0.015,,,,,,,
1787,-0.015,,,,,,,
539,-0.015,,,,,,,
1490,-0.015,,,,,,,
1207,-0.015,,,,,,,
288,-0.015,,,,,,,
244,-0.015,,,,,,,
376,-0.015,,,,,,,
1651,-0.015,,,,,,,
1028,-0.015,,,,,,,
795,-0.015,,,,,,,
1466,-0.015,,,,,,,
975,-0.016,,,,,,,
1190,-0.016,,,,,,,
1136,-0.016,,,,,,,
1090,-0.016,,,,,,,
1228,-0.016,,,,,,,
687,-0.016,,,,,,,
329,-0.016,,,,,,,
517,-0.016,,,,,,,
249,-0.016,,,,,,,
143,-0.016,,,,,,,
640,-0.016,,,,,,,
615,-0.016,,,,,,,
1008,-0.016,,,,,,,
474,-0.016,,,,,,,
881,-0.016,,,,,,,
1348,-0.016,,,,,,,
429,-0.016,,,,,,,
231,-0.016,,,,,,,
896,-0.016,,,,,,,
1712,-0.016,,,,,,,
707,-0.016,,,,,,,
812,-0.016,,,,,,,
1174,-0.016,,,,,,,
1844,-0.016,,,,,,,
983,-0.016,,,,,,,
1017,-0.016,,,,,,,
1353,-0.016,,,,,,,
1862,-0.016,,,,,,,
444,-0.016,,,,,,,
612,-0.016,,,,,,,
1278,-0.016,,,,,,,
1546,-0.016,,,,,,,
466,-0.016,,,,,,,
575,-0.016,,,,,,,
1187,-0.017,,,,,,,
1720,-0.017,,,,,,,
799,-0.017,,,,,,,
355,-0.017,,,,,,,
899,-0.017,,,,,,,
159,-0.017,,,,,,,
1782,-0.017,,,,,,,
1752,-0.017,,,,,,,
415,-0.017,,,,,,,
399,-0.017,,,,,,,
1530,-0.017,,,,,,,
213,-0.017,,,,,,,
391,-0.017,,,,,,,
1859,-0.017,,,,,,,
850,-0.017,,,,,,,
1251,-0.017,,,,,,,
947,-0.017,,,,,,,
1456,-0.017,,,,,,,
1402,-0.017,,,,,,,
489,-0.017,,,,,,,
514,-0.017,,,,,,,
1882,-0.017,,,,,,,
434,-0.017,,,,,,,
594,-0.018,,,,,,,
1640,-0.018,,,,,,,
105,-0.018,,,,,,,
793,-0.018,,,,,,,
422,-0.018,,,,,,,
111,-0.018,,,,,,,
23,-0.018,,,,,,,
332,-0.018,,,,,,,
1201,-0.018,,,,,,,
1931,-0.018,,,,,,,
722,-0.018,,,,,,,
485,-0.018,,,,,,,
801,-0.018,,,,,,,
314,-0.018,,,,,,,
992,-0.018,,,,,,,
87,-0.018,,,,,,,
1908,-0.018,,,,,,,
1600,-0.018,,,,,,,
243,-0.018,,,,,,,
1499,-0.019,,,,,,,
1881,-0.019,,,,,,,
1812,-0.019,,,,,,,
1758,-0.019,,,,,,,
233,-0.019,,,,,,,
1898,-0.019,,,,,,,
148,-0.019,,,,,,,
1409,-0.019,,,,,,,
334,-0.019,,,,,,,
1068,-0.019,,,,,,,
1367,-0.019,,,,,,,
1111,-0.019,,,,,,,
952,-0.019,,,,,,,
742,-0.019,,,,,,,
1945,-0.019,,,,,,,
1803,-0.019,,,,,,,
1688,-0.019,,,,,,,
1956,-0.019,,,,,,,
1952,-0.019,,,,,,,
492,-0.019,,,,,,,
1750,-0.019,,,,,,,
1771,-0.019,,,,,,,
1465,-0.019,,,,,,,
427,-0.019,,,,,,,
1448,-0.019,,,,,,,
1609,-0.019,,,,,,,
972,-0.02,,,,,,,
348,-0.02,,,,,,,
725,-0.02,,,,,,,
1638,-0.02,,,,,,,
133,-0.02,,,,,,,
1578,-0.02,,,,,,,
417,-0.02,,,,,,,
1644,-0.02,,,,,,,
1810,-0.02,,,,,,,
1272,-0.02,,,,,,,
401,-0.02,,,,,,,
1029,-0.02,,,,,,,
912,-0.02,,,,,,,
1707,-0.02,,,,,,,
425,-0.02,,,,,,,
1473,-0.02,,,,,,,
1354,-0.02,,,,,,,
782,-0.02,,,,,,,
903,-0.02,,,,,,,
918,-0.02,,,,,,,
77,-0.02,,,,,,,
1692,-0.02,,,,,,,
442,-0.02,,,,,,,
911,-0.02,,,,,,,
1339,-0.02,,,,,,,
66,-0.02,,,,,,,
147,-0.02,,,,,,,
1848,-0.021,,,,,,,
1574,-0.021,,,,,,,
910,-0.021,,,,,,,
1340,-0.021,,,,,,,
323,-0.021,,,,,,,
375,-0.021,,,,,,,
836,-0.021,,,,,,,
1556,-0.021,,,,,,,
194,-0.021,,,,,,,
1684,-0.021,,,,,,,
1428,-0.021,,,,,,,
286,-0.021,,,,,,,
1613,-0.021,,,,,,,
291,-0.022,,,,,,,
844,-0.022,,,,,,,
712,-0.022,,,,,,,
250,-0.022,,,,,,,
1423,-0.022,,,,,,,
196,-0.022,,,,,,,
505,-0.022,,,,,,,
821,-0.022,,,,,,,
849,-0.022,,,,,,,
1392,-0.022,,,,,,,
672,-0.023,,,,,,,
338,-0.023,,,,,,,
132,-0.023,,,,,,,
1031,-0.023,,,,,,,
1347,-0.023,,,,,,,
1565,-0.023,,,,,,,
384,-0.023,,,,,,,
958,-0.023,,,,,,,
177,-0.023,,,,,,,
1043,-0.023,,,,,,,
128,-0.023,,,,,,,
1395,-0.023,,,,,,,
15,-0.023,,,,,,,
557,-0.023,,,,,,,
1436,-0.023,,,,,,,
822,-0.023,,,,,,,
671,-0.024,,,,,,,
895,-0.024,,,,,,,
1528,-0.024,,,,,,,
823,-0.024,,,,,,,
1234,-0.024,,,,,,,
1355,-0.024,,,,,,,
1338,-0.024,,,,,,,
593,-0.024,,,,,,,
1927,-0.024,,,,,,,
1790,-0.024,,,,,,,
1216,-0.024,,,,,,,
1455,-0.024,,,,,,,
814,-0.025,,,,,,,
300,-0.025,,,,,,,
1628,-0.025,,,,,,,
149,-0.025,,,,,,,
1700,-0.025,,,,,,,
581,-0.025,,,,,,,
1361,-0.026,,,,,,,
828,-0.026,,,,,,,
1876,-0.026,,,,,,,
486,-0.026,,,,,,,
1253,-0.026,,,,,,,
117,-0.026,,,,,,,
215,-0.026,,,,,,,
467,-0.026,,,,,,,
1012,-0.026,,,,,,,
611,-0.026,,,,,,,
1559,-0.027,,,,,,,
948,-0.027,,,,,,,
915,-0.027,,,,,,,
1555,-0.027,,,,,,,
1410,-0.027,,,,,,,
1742,-0.027,,,,,,,
135,-0.027,,,,,,,
1827,-0.027,,,,,,,
1625,-0.027,,,,,,,
1538,-0.027,,,,,,,
1218,-0.027,,,,,,,
56,-0.027,,,,,,,
556,-0.028,,,,,,,
913,-0.028,,,,,,,
163,-0.028,,,,,,,
1493,-0.028,,,,,,,
1227,-0.028,,,,,,,
1605,-0.028,,,,,,,
297,-0.028,,,,,,,
1541,-0.028,,,,,,,
113,-0.029,,,,,,,
758,-0.029,,,,,,,
457,-0.029,,,,,,,
1213,-0.029,,,,,,,
1351,-0.029,,,,,,,
959,-0.029,,,,,,,
1550,-0.029,,,,,,,
1834,-0.029,,,,,,,
1307,-0.03,,,,,,,
325,-0.03,,,,,,,
1618,-0.03,,,,,,,
587,-0.03,,,,,,,
1297,-0.031,,,,,,,
224,-0.031,,,,,,,
197,-0.032,,,,,,,
686,-0.032,,,,,,,
1732,-0.032,,,,,,,
1947,-0.032,,,,,,,
824,-0.032,,,,,,,
1922,-0.033,,,,,,,
629,-0.033,,,,,,,
1683,-0.033,,,,,,,
817,-0.034,,,,,,,
51,-0.034,,,,,,,
876,-0.035,,,,,,,
116,-0.036,,,,,,,
632,-0.036,,,,,,,
452,-0.036,,,,,,,
1181,-0.036,,,,,,,
1697,-0.038,,,,,,,
1860,-0.039,,,,,,,
487,-0.04,,,,,,,
1773,-0.041,,,,,,,
1492,-0.042,,,,,,,
267,-0.043,,,,,,,
681,-0.045,,,,,,,
1343,-0.045,,,,,,,
1162,-0.045,,,,,,,
813,-0.045,,,,,,,
499,-0.046,,,,,,,
83,-0.046,,,,,,,
660,-0.046,,,,,,,
22,-0.046,,,,,,,
1627,-0.047,,,,,,,
1915,-0.048,,,,,,,
1912,-0.048,,,,,,,
639,-0.048,,,,,,,
272,-0.048,,,,,,,
1706,-0.049,,,,,,,
567,-0.052,,,,,,,
1851,-0.055,,,,,,,
780,-0.059,,,,,,,
1690,-0.063,,,,,,,
1151,-0.065,,,,,,,
1829,-0.067,,,,,,,